<?xml version="1.0" encoding="utf-8" ?>
<software>
    <metadata>
        <name>eZ Comments</name>
        <version>1.3.0-dev</version>
        <copyright>Copyright (C) 1999-2011 eZ Systems AS</copyright>
        <license>GNU General Public License v2</license>
        <info_url>http://projects.ez.no/ezcomments</info_url>

         <software>
            <uses>
                <name>reCAPTCHA PHP Library</name>
                <license></license>
                <copyright>Copyright (c) 2007 reCAPTCHA -- http://recaptcha.net</copyright>
                <version>1.11</version>
            </uses>
        </software>

    </metadata>

    <dependencies>
        <uses>
            <extension name="ezjscore" />
        </uses>
        <extends>
            <extension name="ezwebin" />
        </extends>
    </dependencies>
</software>
